Facility Name,County,ZIP Code,Percent Receiving Antipsychotic Drugs,Percent Not Receiving Antipsychotic Drugs
THE EMERALD PEEK REHABILITATION AND NURSING CENTER,Westchester,10566,26.14%,73.86%
AUBURN REHABILITATION & NURSING CENTER,Cayuga,13021,16.88%,83.12%
BRIARCLIFF MANOR CENTER FOR REHAB AND NURSING CARE,Westchester,10510,24.30%,75.70%
KATHERINE LUTHER RESIDENTIAL HLTH CARE & REHAB,Oneida,13323,23.01%,76.99%
ST JOHNS HEALTH CARE CORPORATION,Monroe,14620,15.04%,84.96%
ST PATRICKS HOME,Bronx,10463,14.34%,85.66%
SCHENECTADY CENTER FOR REHABILITATION AND NURSING,Schenectady,12303,10.86%,89.14%
SCHERVIER NURSING CARE CENTER,Bronx,10463,15.36%,84.64%
BEECHTREE CENTER FOR REHABILITATION AND NURSING,Tompkins,14850,25.53%,74.47%
REGEIS CARE CENTER,Bronx,10475,17.65%,82.35%
HEBREW HOME FOR THE AGED AT RIVERDALE,Bronx,10471,21.46%,78.54%
SANDS POINT CENTER FOR HEALTH AND REHABILITATION,Nassau,11050,7.75%,92.25%
A HOLLY PATTERSON EXTENDED CARE FACILITY,Nassau,11553,18.04%,81.96%
BEACH TERRACE CARE CENTER,Nassau,11561,50.86%,49.14%
VILLAGE CARE REHABILITATION AND NURSING CENTER,New York,10014,3.28%,96.72%
THE CITADEL REHAB AND NURSING CTR AT KINGSBRIDGE,Bronx,10463,28.57%,71.43%
MOSHOLU PARKWAY NURSING & REHABILITATION CENTER,Bronx,10467,18.18%,81.82%
WYOMING COUNTY COMMUNITY HOSPITAL S N F,Wyoming,14569,8.46%,91.54%
HILAIRE REHAB & NURSING,Suffolk,11743,25.00%,75.00%
FAR ROCKAWAY CENTER FOR REHABILITATION AND NURSING,Queens,11691,44.33%,55.67%
NORTHERN MANOR GERIATRIC CENTER INC,Rockland,10954,24.06%,75.94%
WILLIAMSBRIDGE MANOR FOR REHABILITATION AND NRSG,Bronx,10461,30.00%,70.00%
MARY MANNING WALSH NURSING HOME CO INC,New York,10021,14.57%,85.43%
ELCOR NURSING  AND REHABILITATION CENTER,Chemung,14845,20.77%,79.23%
ELDERWOOD AT AMHERST,Erie,14226,9.21%,90.79%
UNIVERSITY CENTER FOR REHABILITATION AND NURSING,Bronx,10468,30.95%,69.05%
COLER REHABILITATION AND NURSING CARE CENTER,New York,10044,13.49%,86.51%
APEX REHABILITATION & CARE CENTER,Suffolk,11746,20.00%,80.00%
CROUSE COMMUNITY CENTER INC,Madison,13408,14.41%,85.59%
CONESUS LAKE NURSING HOME,Livingston,14487,22.73%,77.27%
BROOKLYN GARDENS NURSING & REHABILITATION CENTER,Kings,11233,7.31%,92.69%
ST JOSEPH'S HOSPITAL - SKILLED NURSING FACILITY,Chemung,14902,5.26%,94.74%
"PARKVIEW CARE AND REHABILITATION CENTER, INC",Nassau,11758,11.04%,88.96%
NORTHWOODS REHAB AND NURSING CENTER AT MORAVIA,Cayuga,13118,12.50%,87.50%
YORKTOWN REHABILITATION & NURSING CENTER,Westchester,10567,13.33%,86.67%
GOLD CREST CARE CENTER,Bronx,10469,25.15%,74.85%
REGENCY EXTENDED CARE CENTER,Westchester,10701,49.30%,50.70%
ST ANNS COMMUNITY,Monroe,14621,7.25%,92.75%
"THE SHORE WINDS, L L C",Monroe,14612,36.98%,63.02%
BERKSHIRE NURSING & REHABILITATION CENTER,Suffolk,11704,23.38%,76.62%
ST JOSEPHS HOME,St. Lawrence,13669,19.23%,80.77%
ELIZABETH CHURCH MANOR NURSING HOME,Broome,13905,15.18%,84.82%
FULTON CENTER FOR REHABILITATION AND HEALTHCARE,Fulton,12078,19.88%,80.12%
HENRY J CARTER SKILLED NURSING FACILITY,New York,10035,6.96%,93.04%
PARK NURSING HOME,Queens,11694,59.32%,40.68%
RIVERDALE NURSING HOME,Bronx,10463,49.19%,50.81%
N Y S VETERANS HOME,Chenango,13830,3.61%,96.39%
FINGER LAKES HEALTH,Ontario,14456,17.16%,82.84%
ISABELLA GERIATRIC CENTER INC,New York,10040,9.24%,90.76%
RIVERVIEW MANOR HEALTH CARE CENTER,Tioga,13827,12.12%,87.88%
THE HERITAGE REHABILITATION AND HEALTH CARE CENTER,Kings,11219,19.74%,80.26%
JEWISH HOME OF ROCHESTER,Monroe,14618,12.97%,87.03%
SEA VIEW HOSPITAL REHABILITATION CENTER AND HOME,Richmond,10314,5.82%,94.18%
EVERGREEN COMMONS REHABILITATION AND NURSING CTR,Rensselaer,12061,20.60%,79.40%
BROTHERS OF MERCY NURSING & REHABILITATION CENTER,Erie,14031,6.50%,93.50%
SPRING CREEK REHABILITATION & NURSING CARE CENTER,Kings,11239,5.17%,94.83%
ALICE HYDE MEDICAL CENTER,Franklin,12953,21.60%,78.40%
ST PETERS NURSING AND REHABILITATION CENTER,Albany,12208,8.22%,91.78%
THE GRAND REHABILITATION AND NURSING AT QUEENS,Queens,11357,4.94%,95.06%
"NEW CARLTON REHAB AND NURSING CENTER, L L C",Kings,11238,28.99%,71.01%
PARKER JEWISH INSTITUTE FOR HEALTH CARE & REHAB,Queens,11040,10.80%,89.20%
SAPPHIRE CTR FOR REHAB & NRSG OF CTRL QUEENS,Queens,11354,22.64%,77.36%
LORETTO HEALTH AND REHABILITATION CENTER,Onondaga,13205,18.93%,81.07%
FOREST HILLS CARE CENTER,Queens,11375,7.14%,92.86%
BELAIR CARE CENTER INC,Nassau,11710,2.82%,97.18%
MARQUIS REHABILITATION & NURSING CENTER,Nassau,11542,18.07%,81.93%
HERITAGE PARK REHAB & SKILLED NURSING,Chautauqua,14701,15.57%,84.43%
MEADOW PARK REHABILITATION AND HEALTH CENTER L L C,Queens,11366,25.38%,74.62%
FAIRVIEW NURSING CARE CENTER INC,Queens,11375,10.27%,89.73%
THE WILLOWS AT RAMAPO REHAB AND NURSING CENTER,Rockland,10901,16.57%,83.43%
WATERVIEW NURSING CARE CENTER,Queens,11354,16.35%,83.65%
WINDSOR PARK NURSING HOME,Queens,11427,15.94%,84.06%
SOUTH SHORE REHABILITATION AND NURSING CENTER,Nassau,11520,7.06%,92.94%
OCEANSIDE CARE CENTER INC,Nassau,11572,7.95%,92.05%
ROSS CENTER FOR NURSING AND REHABILITATION,Suffolk,11717,25.23%,74.77%
LYNBROOK RESTORATIVE THERAPY AND NURSING,Nassau,11563,1.35%,98.65%
DALEVIEW CARE CENTER,Nassau,11735,10.74%,89.26%
SOUTH POINT PLAZA NURSING AND REHABILITATION CTR,Nassau,11558,26.99%,73.01%
OXFORD NURSING HOME,Kings,11217,30.22%,69.78%
HUMBOLDT HOUSE REHABILITATION AND NURSING CENTER,Erie,14208,36.69%,63.31%
CARING FAMILY NURSING AND REHABILITATION CENTER,Queens,11691,50.89%,49.11%
OCEANVIEW NURSING & REHABILITATION CARE CENTER,Queens,11691,47.42%,52.58%
COMPREHENSIVE REHAB & NURSING CTR AT WILLIAMSVILLE,Erie,14221,17.39%,82.61%
COBBLE HILL HEALTH CENTER INC,Kings,11201,8.70%,91.30%
BROOKSIDE MULTICARE NURSING CENTER,Suffolk,11787,39.58%,60.42%
ROSA COPLON JEWISH HOME AND INFIRMARY,Erie,14068,11.18%,88.82%
BROOKLYN CTR FOR REHAB AND RESIDENTIAL HEALTH CARE,Kings,11230,19.32%,80.68%
"SAFIRE REHABILITATION OF NORTHTOWNS, L L C",Erie,14150,13.25%,86.75%
GREENFIELD HEALTH & REHAB CENTER,Erie,14086,8.28%,91.72%
VAN DUYN CENTER FOR REHABILITATION AND NURSING,Onondaga,13215,23.65%,76.35%
CEDAR MANOR NURSING & REHABILITATION CENTER,Westchester,10562,19.38%,80.62%
HUDSON POINTE AT RIVERDALE CTR FOR NURSING & REHAB,Bronx,10463,25.33%,74.67%
NEW PALTZ CENTER FOR REHABILITATION AND NURSING,Ulster,12561,22.06%,77.94%
JEWISH HOME OF CENTRAL NEW YORK,Onondaga,13214,12.70%,87.30%
SILVER LAKE SPECIALIZED REHAB AND CARE CENTER,Richmond,10301,38.10%,61.90%
MONROE COMMUNITY HOSPITAL,Monroe,14620,19.35%,80.65%
RESORT NURSING HOME,Queens,11692,35.78%,64.22%
BETH ABRAHAM CENTER FOR REHABILITATION AND NURSING,Bronx,10467,19.29%,80.71%
"BATAVIA HEALTH CARE CENTER, LLC",Genesee,14020,27.45%,72.55%
AURELIA OSBORN FOX MEMORIAL HOSPITAL,Otsego,13820,10.32%,89.68%
VALLEY VIEW MANOR NURSING HOME,Chenango,13815,21.62%,78.38%
HIGHLAND PARK REHABILITATION AND NURSING CENTER,Allegany,14895,20.00%,80.00%
GLENGARIFF HEALTH CARE CENTER,Nassau,11542,18.26%,81.74%
THE VILLAGES OF ORLEANS HEALTH AND REHAB CENTER,Orleans,14411,20.79%,79.21%
MASSAPEQUA CENTER REHABILITATION & NURSING,Suffolk,11701,23.46%,76.54%
EASTCHESTER REHABILITATION AND HEALTH CARE CENTER,Bronx,10469,15.59%,84.41%
AVON NURSING HOME L L C,Livingston,14414,5.88%,94.12%
CORTLAND PARK REHABILITATION AND NURSING CENTER,Cortland,13045,3.67%,96.33%
NEWARK MANOR NURSING HOME INC,Wayne,14513,15.38%,84.62%
MERCY LIVING CENTER,Franklin,12986,9.80%,90.20%
"WHITE PLAINS CENTER FOR NURSING CARE, L L C",Westchester,10606,9.72%,90.28%
OAK HILL MANOR NURSING HOME,Tompkins,14850,5.45%,94.55%
VESTAL PARK REHABILITATION AND NURSING CENTER,Broome,13850,16.56%,83.44%
WORKMENS CIRCLE MULTICARE CENTER,Bronx,10469,5.79%,94.21%
BRIDGEWATER CENTER FOR REHAB & NURSING L L C,Broome,13902,29.04%,70.96%
PUTNAM NURSING & REHABILITATION CENTER,Putnam,12531,50.46%,49.54%
"EXCEL AT WOODBURY FOR REHAB AND NURSING, L L C",Nassau,11797,14.29%,85.71%
UPPER EAST SIDE REHABILITATION AND NURSING CENTER,New York,10021,11.51%,88.49%
COLONIAL PARK REHABILITATION AND NURSING CENTER,Oneida,13440,22.22%,77.78%
ROBINSON TERRACE,Delaware,12167,21.24%,78.76%
THE VALLEY VIEW CENTER FOR NURSING CARE AND REHAB,Orange,10924,15.95%,84.05%
"CLOVE LAKES HEALTH CARE AND REHAB CENTER, INC",Richmond,10314,15.67%,84.33%
CHESTNUT PARK REHABILITATION AND NURSING CENTER,Otsego,13820,19.05%,80.95%
"CATON PARK REHAB AND NURSING CENTER, L L C",Kings,11226,15.93%,84.07%
HILL HAVEN NURSING HOME,Monroe,14580,23.66%,76.34%
FIELDSTON LODGE CARE CENTER,Bronx,10463,25.81%,74.19%
CAYUGA RIDGE EXTENDED CARE,Tompkins,14850,21.80%,78.20%
HIGHFIELD GARDENS CARE CENTER OF GREAT NECK,Nassau,11021,16.29%,83.71%
GLENDALE HOME-SCHDY CNTY DEPT SOCIAL SERVICES,Schenectady,12302,13.57%,86.43%
CENTRAL PARK REHABILITATION AND NURSING CENTER,Onondaga,13205,21.62%,78.38%
ACADIA CENTER FOR NURSING AND REHABILITATION,Suffolk,11901,12.90%,87.10%
ELM MANOR NURSING AND REHABILITATION CENTER,Ontario,14424,21.62%,78.38%
THE PINES AT CATSKILL CENTER FOR NURSING & REHAB,Greene,12414,16.42%,83.58%
FORT TRYON CENTER FOR REHABILITATION AND NURSING,New York,10040,6.18%,93.82%
WATERVIEW HILLS REHABILITATION AND NURSING CENTER,Westchester,10578,13.76%,86.24%
THE PARAMOUNT AT SOMERS REHAB AND NURSING CENTER,Westchester,10589,19.56%,80.44%
CHURCH HOME OF THE PROTESTANT EPISCOPAL CHURCH,Monroe,14620,16.45%,83.55%
VAN RENSSELAER MANOR,Rensselaer,12180,18.00%,82.00%
"WOODCREST REHAB & RESIDENTIAL H C CENTER, L L C",Queens,11354,26.87%,73.13%
ELDERWOOD OF UIHLEIN AT LAKE PLACID,Essex,12946,13.25%,86.75%
LUTHERAN RETIREMENT HOME,Chautauqua,14701,8.27%,91.73%
THE WARTBURG HOME,Westchester,10552,8.33%,91.67%
DUMONT CENTER FOR REHABILITATION AND NURSING CARE,Westchester,10805,21.31%,78.69%
VERRAZANO NURSING HOME,Richmond,10301,44.25%,55.75%
SAN SIMEON BY THE SOUND CENTER FOR NURSING & REHAB,Suffolk,11944,12.87%,87.13%
SAPPHIRE NURSING AT WAPPINGERS,Dutchess,12590,13.73%,86.27%
MAYFAIR CARE CENTER,Nassau,11550,29.73%,70.27%
TROY CENTER FOR REHABILITATION AND NURSING,Rensselaer,12180,28.57%,71.43%
ABSOLUT CTR FOR NURSING & REHAB AURORA PARK L L C,Erie,14052,24.03%,75.97%
ST CAMILLUS RESIDENTIAL HEALTH CARE FACILITY,Onondaga,13219,10.28%,89.72%
CENTRAL ISLAND HEALTHCARE,Nassau,11803,11.52%,88.48%
PINE VALLEY CENTER FOR REHABILITATION AND NURSING,Rockland,10977,29.49%,70.51%
CARILLON NURSING AND REHABILITATION CENTER,Suffolk,11743,6.18%,93.82%
PARK GARDENS REHABILITATION & NURSING CENTER L L C,Bronx,10471,49.47%,50.53%
SHORE VIEW NURSING  & REHABILITATION CENTER,Kings,11235,18.69%,81.31%
SOLDIERS AND SAILORS MEMORIAL HOSPITAL E C U,Yates,14527,40.48%,59.52%
THE CHATEAU AT BROOKLYN REHAB AND NURSING CENTER,Kings,11229,12.57%,87.43%
WILLOW POINT REHABILITATION AND NURSING CENTER,Broome,13850,13.87%,86.13%
PROMENADE REHABILITATION AND HEALTH CARE CENTER,Queens,11694,28.23%,71.77%
LONG ISLAND CARE CENTER INC,Queens,11354,21.08%,78.92%
"THE NEW JEWISH HOME, SARAH NEUMAN",Westchester,10543,11.99%,88.01%
THE GRAND PAVILION FOR RHB & NRSG AT ROCKVILLE CTR,Nassau,11570,14.58%,85.42%
"NEW GLEN OAKS NURSING HOME, INC",Queens,11004,25.00%,75.00%
FORT HUDSON NURSING CENTER INC,Washington,12828,18.38%,81.62%
ST JAMES REHABILITATION & HEALTHCARE CENTER,Suffolk,11780,6.98%,93.02%
GLENS FALLS CENTER FOR REHABILITATION AND NURSING,Warren,12801,11.93%,88.07%
MERCY HOSPITAL SKILLED NURSING FACILITY,Erie,14218,10.98%,89.02%
STEUBEN CENTER FOR REHABILITATION AND HEALTHCARE,Steuben,14810,14.44%,85.56%
FOREST VIEW CENTER FOR REHABILITATION & NURSING,Queens,11375,11.76%,88.24%
TOLSTOY FOUNDATION REHABILITATION AND NRSG CENTER,Rockland,10989,20.99%,79.01%
THE ENCLAVE AT PORT CHESTER REHAB AND NURSING CTR,Westchester,10573,13.89%,86.11%
WELLS NURSING HOME INC,Fulton,12095,25.81%,74.19%
ROSCOE REGIONAL REHAB & RESIDENTIAL H C F,Sullivan,12776,5.06%,94.94%
PARK TERRACE CARE CENTER,Queens,11368,10.26%,89.74%
SPRAIN BROOK MANOR REHAB,Westchester,10583,16.67%,83.33%
SPLIT ROCK REHABILITION AND HEALTH CARE CENTER,Bronx,10466,16.19%,83.81%
"HORNELL GARDENS, L L C",Steuben,14843,16.22%,83.78%
THE ELEANOR NURSING CARE CENTER,Dutchess,12538,40.00%,60.00%
THE PINES AT GLENS FALLS CTR FOR NURSING & REHAB,Warren,12801,11.76%,88.24%
ELDERWOOD AT WILLIAMSVILLE,Erie,14221,11.11%,88.89%
BRIDGE VIEW NURSING HOME,Queens,11357,59.59%,40.41%
PALM GARDENS CENTER FOR NURSING AND REHABILITATION,Kings,11218,10.34%,89.66%
CORNING CENTER FOR REHABILITATION AND HEALTHCARE,Steuben,14830,17.76%,82.24%
GRANVILLE CENTER FOR REHABILITATION AND NURSING,Washington,12832,19.42%,80.58%
EGER HEALTH CARE AND REHABILITATION CENTER,Richmond,10306,6.73%,93.27%
HOLLIS PARK MANOR NURSING HOME,Queens,11423,23.29%,76.71%
THE RIVERSIDE,New York,10024,10.25%,89.75%
MARGARET TIETZ CENTER FOR NURSING CARE INC,Queens,11432,13.81%,86.19%
SCHAFFER EXTENDED CARE CENTER,Westchester,10802,13.64%,86.36%
BISHOP REHABILITATION AND NURSING CENTER,Onondaga,13203,18.30%,81.70%
MOUNTAINSIDE RESIDENTIAL CARE CENTER,Delaware,12455,22.97%,77.03%
"THE COTTAGES AT GARDEN GROVE, A SKILLED NRSG COMM",Onondaga,13039,18.38%,81.62%
THE HURLBUT,Monroe,14623,20.00%,80.00%
NORTH WESTCHESTER RESTORATIVE THERAPY & NRSG CRT,Westchester,10547,14.43%,85.57%
CHASEHEALTH REHAB AND RESIDENTIAL CARE,Chenango,13411,23.61%,76.39%
M M EWING CONTINUING CARE CENTER,Ontario,14424,17.26%,82.74%
ELDERWOOD AT WAVERLY,Tioga,14892,10.18%,89.82%
MORRIS PARK NURSING HOME,Bronx,10469,22.41%,77.59%
"NORTHERN DUTCHESS RES HEALTH CARE FACILITY, INC",Dutchess,12572,15.73%,84.27%
CLIFFSIDE REHAB & RESIDENTIAL HEALTH CARE CENTER,Queens,11354,10.50%,89.50%
SUTTON PARK CENTER FOR NURSING AND REHABILITATION,Westchester,10801,39.58%,60.42%
NATHAN LITTAUER HOSPITAL NURSING HOME,Fulton,12078,16.46%,83.54%
HERITAGE VILLAGE REHAB AND SKILLED NURSING INC.,Chautauqua,14740,8.77%,91.23%
CHENANGO MEMORIAL HOSPITAL INC S N F,Chenango,13815,9.09%,90.91%
THE PINES HEALTHCARE & REHAB CENTERS OLEAN CAMPUS,Cattaraugus,14760,21.05%,78.95%
BRONX PARK REHABILITATION & NURSING CENTER,Bronx,10467,27.11%,72.89%
CLIFTON SPRINGS HOSPITAL AND CLINIC EXTENDED CARE,Ontario,14432,11.88%,88.12%
OZANAM HALL OF QUEENS NURSING HOME INC,Queens,11361,6.57%,93.43%
CUBA MEMORIAL HOSPITAL INC S N F,Allegany,14727,25.53%,74.47%
NYACK RIDGE REHABILITATION AND NURSING CENTER,Rockland,10989,35.42%,64.58%
WOODSIDE MANOR NURSING HOME INC,Monroe,14618,17.95%,82.05%
PARK RIDGE NURSING HOME,Monroe,14626,8.57%,91.43%
ABSOLUT CTR FOR NURSING & REHAB ENDICOTT L L C,Broome,13760,21.85%,78.15%
"NEW VANDERBILT REHABILITATION AND CARE CENTER, INC",Richmond,10304,28.92%,71.08%
BAINBRIDGE NURSING & REHABILITATION CENTER,Bronx,10467,23.44%,76.56%
THE PINES AT UTICA CENTER FOR NURSING AND REHAB,Oneida,13501,16.19%,83.81%
SCHUYLER HOSPITAL INC & LONG TERM CARE UNIT,Schuyler,14865,17.48%,82.52%
SCHOELLKOPF HEALTH CENTER,Niagara,14302,6.48%,93.52%
DIAMOND HILL NURSING AND REHABILITATION CENTER,Rensselaer,12182,25.96%,74.04%
SODUS REHABILITATION & NURSING CENTER,Wayne,14551,30.56%,69.44%
REGO PARK NURSING HOME,Queens,11368,12.23%,87.77%
NORTHERN METROPOLITAN RES HEALTH CARE FACILITY INC,Rockland,10952,43.24%,56.76%
SCHULMAN AND SCHACHNE INST FOR NURSING & REHAB,Kings,11212,11.42%,88.58%
"THE COMMONS ON ST ANTHONY, A S N F & SHORT T R C",Cayuga,13021,16.72%,83.28%
ST CABRINI NURSING HOME,Westchester,10522,16.07%,83.93%
THE GRAND REHABILITATION AND NURSING AT MOHAWK,Herkimer,13357,15.45%,84.55%
PENINSULA NURSING AND REHABILITATION CENTER,Queens,11691,24.59%,75.41%
LACONIA NURSING HOME,Bronx,10466,42.67%,57.33%
LIVINGSTON HILLS NURSING AND REHABILITATION CENTER,Columbia,12541,24.21%,75.79%
SURGE REHABILITATION AND NURSING LLC,Suffolk,11953,23.62%,76.38%
ELDERWOOD AT GRAND ISLAND,Erie,14072,10.71%,89.29%
CROWN PARK REHABILITATION AND NURSING CENTER,Cortland,13045,26.25%,73.75%
"SUSQUEHANNA NURSING & REHABILITATION CENTER, L L C",Broome,13790,6.90%,93.10%
WESLEY HEALTH CARE CENTER INC,Saratoga,12866,12.85%,87.15%
MONTGOMERY NURSING AND REHABILITATION CENTER,Orange,12549,4.40%,95.60%
ORCHARD MANOR REHABILITATION AND NURSING CENTER,Orleans,14103,29.71%,70.29%
SANS SOUCI REHABILITATION AND NURSING CENTER,Westchester,10703,16.96%,83.04%
HUDSON VALLEY REHABILITATION & EXTENDED CARE CTR,Ulster,12528,24.39%,75.61%
"SENECA NURSING & REHABILITATION CENTER, L L C",Seneca,13165,5.06%,94.94%
MOMENTUM AT SOUTH BAY FOR REHAB AND NURSING,Suffolk,11730,16.43%,83.57%
"OASIS REHABILITATION AND NURSING, LLC",Suffolk,11934,20.22%,79.78%
WAYNE HEALTH CARE,Wayne,14513,30.72%,69.28%
RENAISSANCE REHABILITATION AND NURSING CARE CENTER,Dutchess,12580,19.47%,80.53%
FERNCLIFF NURSING HOME CO INC,Dutchess,12572,35.41%,64.59%
WAYNE COUNTY NURSING HOME,Wayne,14489,8.57%,91.43%
PENFIELD PLACE,Monroe,14526,12.20%,87.80%
SUNNYSIDE CARE CENTER,Onondaga,13057,9.72%,90.28%
WATERS EDGE AT PORT JEFFERSON FOR REHAB AND NRSG,Suffolk,11777,11.82%,88.18%
SEA CREST NURSING AND REHABILITATION CENTER,Kings,11224,20.00%,80.00%
COOPERSTOWN CENTER FOR REHABILITATION AND NURSING,Otsego,13326,11.61%,88.39%
WASHINGTON CENTER FOR REHAB AND HEALTHCARE,Washington,12809,17.70%,82.30%
"LAWRENCE NURSING CARE CENTER, INC",Queens,11692,41.81%,58.19%
DRY HARBOR NURSING HOME,Queens,11379,8.05%,91.95%
"NORTHERN RIVERVIEW HEALTH CARE, INC",Rockland,10927,33.93%,66.07%
ST CATHERINE LABOURE HEALTH CARE CENTER,Erie,14214,13.85%,86.15%
TARRYTOWN HALL CARE CENTER,Westchester,10591,28.70%,71.30%
RIVER RIDGE LIVING CENTER,Montgomery,12010,10.91%,89.09%
PREMIER GENESEE CENTER FOR NRSG AND REHABILITATION,Genesee,14020,15.03%,84.97%
MARTINE CENTER FOR REHABILITATION AND NURSING,Westchester,10606,20.00%,80.00%
ALBANY COUNTY NURSING HOME,Albany,12211,20.00%,80.00%
FRANKLIN CENTER FOR REHABILITATION AND NURSING,Queens,11355,17.92%,82.08%
ONEIDA HEALTHCARE,Madison,13421,7.04%,92.96%
LEWIS COUNTY GENERAL HOSPITAL-NURSING HOME UNIT,Lewis,13367,21.15%,78.85%
ELDERWOOD AT NORTH CREEK,Warren,12853,13.85%,86.15%
SAMARITAN KEEP NURSING HOME INC,Jefferson,13601,22.14%,77.86%
LONG BEACH NURSING AND REHABILITATION CENTER,Nassau,11561,20.86%,79.14%
MCAULEY RESIDENCE,Erie,14217,10.53%,89.47%
LITTLE NECK CARE CENTER,Queens,11362,17.80%,82.20%
JENNIE B RICHMOND CHAFFEE NURSING HOME COMPANY INC,Erie,14141,20.69%,79.31%
JAMAICA HOSPITAL NURSING HOME CO INC,Queens,11418,6.50%,93.50%
ELLICOTT CENTER FOR REHABILITATION AND NURSING,Erie,14201,26.77%,73.23%
MEADOWBROOK HEALTHCARE,Clinton,12901,10.61%,89.39%
NEW ROC NURSING AND REHABILITATION CENTER,Monroe,14621,31.11%,68.89%
THE PINES AT POUGHKEEPSIE CTR FOR NURSING & REHAB,Dutchess,12601,17.02%,82.98%
CORTLANDT HEALTHCARE,Westchester,10567,13.76%,86.24%
CHAMPLAIN VALLEY PHYSICIANS HOSP MED CTR S N F,Clinton,12901,19.35%,80.65%
TRIBORO CENTER FOR REHABILITATION AND NURSING,Bronx,10456,15.84%,84.16%
CYPRESS GARDEN CENTER FOR NURSING AND REHAB,Queens,11354,15.62%,84.38%
KING STREET HOME INC,Westchester,10573,9.72%,90.28%
QUEENS NASSAU REHABILITATION AND NURSING CENTER,Queens,11691,22.75%,77.25%
ACHIEVE REHAB AND NURSING FACILITY,Sullivan,12754,28.46%,71.54%
GOLDEN HILL NURSING AND REHABILITATION CENTER,Ulster,12401,14.63%,85.37%
RIVER LEDGE HEALTH CARE AND REHABILITATION CENTER,St. Lawrence,13669,20.00%,80.00%
CARMEL RICHMOND HEALTHCARE AND REHAB CENTER,Richmond,10304,15.05%,84.95%
FIDDLERS GREEN MANOR REHAB AND NURSING CENTER,Erie,14141,28.00%,72.00%
THE GRAND REHABILITATION AND NURSING AT PAWLING,Dutchess,12564,23.81%,76.19%
WESTCHESTER CENTER FOR REHABILITATION & NURSING,Westchester,10550,20.56%,79.44%
NEW GOUVERNEUR HOSPITAL S N F,New York,10002,3.64%,96.36%
THE PLAZA REHAB AND NURSING CENTER,Bronx,10468,13.19%,86.81%
SAPPHIRE NURSING AT MEADOW HILL,Orange,12550,12.69%,87.31%
DAUGHTERS OF SARAH NURSING CENTER,Albany,12203,12.24%,87.76%
KINGSWAY ARMS NURSING CENTER INC,Schenectady,12304,13.79%,86.21%
CREST MANOR LIVING AND REHABILITATION CENTER,Monroe,14450,3.12%,96.88%
BEECHWOOD HOMES,Erie,14068,15.57%,84.43%
BORO PARK CENTER FOR REHABILITATION AND HEALTHCARE,Kings,11219,13.67%,86.33%
UTICA REHABILITATION & NURSING CENTER,Oneida,13501,16.25%,83.75%
MIDWAY NURSING HOME,Queens,11378,23.20%,76.80%
BRIGHTON MANOR,Monroe,14610,11.67%,88.33%
CHARLES T SITRIN HEALTH CARE CENTER INC,Oneida,13413,17.07%,82.93%
THE FRIENDLY HOME,Monroe,14618,11.48%,88.52%
ESSEX CENTER FOR REHABILITATION AND HEALTHCARE,Essex,12932,25.81%,74.19%
CHEMUNG COUNTY HEALTH CENTER - NURSING FACILITY,Chemung,14901,15.68%,84.32%
NEWFANE REHAB & HEALTH CARE CENTER,Niagara,14108,21.43%,78.57%
ELDERWOOD AT TICONDEROGA,Essex,12883,14.49%,85.51%
GRACE PLAZA NURSING AND REHABILITATION CENTER,Nassau,11021,15.22%,84.78%
MORNINGSIDE NURSING AND REHABILITATION CENTER,Bronx,10461,7.24%,92.76%
CHAUTAUQUA NURSING AND REHABILITATION CENETER,Chautauqua,14048,7.28%,92.72%
PELHAM PARKWAY NURSING CTR & REHAB FACILITY L L C,Bronx,10469,24.87%,75.13%
ST JOHNLAND NURSING CENTER INC,Suffolk,11754,8.98%,91.02%
WESLEY GARDENS CORPORATION,Monroe,14607,14.29%,85.71%
MORNINGSTAR RESIDENTIAL CARE CENTER,Oswego,13126,11.50%,88.50%
BETHEL NURSING HOME COMPANY INC,Westchester,10562,13.64%,86.36%
"THE NEW JEWISH HOME, MANHATTAN",New York,10025,11.62%,88.38%
CONCOURSE REHABILITATION AND NURSING CENTER INC,Bronx,10456,11.30%,88.70%
PENN YAN MANOR NURSING HOME INC,Yates,14527,15.56%,84.44%
WAYNE CENTER FOR NURSING & REHABILITATION,Bronx,10467,11.11%,88.89%
TRUSTEES OF EASTERN STAR HALL & HOME OF THE N Y S,Oneida,13424,6.90%,93.10%
GRANDELL REHABILITATION AND NURSING CENTER,Nassau,11561,15.48%,84.52%
ELDERWOOD AT LOCKPORT,Niagara,14094,7.14%,92.86%
GOLDEN GATE REHABILITATION & HEALTH CARE CENTER,Richmond,10314,22.87%,77.13%
HOLLISWOOD CTR FOR REHABILITATION AND HEALTHCARE,Queens,11423,44.07%,55.93%
SENECA HEALTH CARE CENTER,Erie,14224,16.00%,84.00%
HIGHLAND CARE CENTER,Queens,11432,25.17%,74.83%
BRONX CENTER FOR REHABILITATION & HEALTH CARE,Bronx,10472,11.35%,88.65%
ABSOLUT CTR FOR NURSING & REHAB ORCHARD PARK L L C,Erie,14127,19.28%,80.72%
SKY VIEW REHABILITATION & HEALTH CARE CENTER L L C,Westchester,10520,11.73%,88.27%
FOLTSBROOK CENTER FOR NURSING AND REHABILITATION,Herkimer,13350,13.08%,86.92%
EAST SIDE NURSING HOME,Wyoming,14569,18.33%,81.67%
SEAGATE REHABILITATION AND NURSING CENTER,Kings,11224,14.03%,85.97%
WOODHAVEN NURSING HOME,Suffolk,11776,26.96%,73.04%
YONKERS GARDENS CENTER FOR NURSING AND REHAB,Westchester,10701,23.08%,76.92%
THE PHOENIX REHABILITATION AND NURSING CENTER,Kings,11201,5.50%,94.50%
NEW EAST SIDE NURSING HOME,New York,10002,5.26%,94.74%
SARATOGA CENTER FOR REHAB & SKILLED NURSING CARE,Saratoga,12020,16.75%,83.25%
IDEAL SENIOR LIVING CENTER,Broome,13760,8.57%,91.43%
"HARLEM CTR FOR NURSING AND REHABILITATION, L L C",New York,10037,9.14%,90.86%
NORWEGIAN CHRISTIAN HOME AND HEALTH CENTER,Kings,11219,14.41%,85.59%
METHODIST HOME FOR NURSING AND REHABILITATION,Bronx,10471,9.43%,90.57%
RIVERSIDE CENTER FOR REHABILITATION AND NURSING,Rensselaer,12033,22.54%,77.46%
HIGHLAND REHABILITATION AND NURSING CENTER,Orange,10940,17.28%,82.72%
GOOD SHEPHERD-FAIRVIEW HOME INC,Broome,13904,23.91%,76.09%
PLATTSBURGH REHABILITATION AND NURSING CENTER,Clinton,12901,20.25%,79.75%
HILLSIDE MANOR REHAB & EXTENDED CARE CENTER,Queens,11432,8.07%,91.93%
AARON MANOR REHABILITATION AND NURSING CENTER,Monroe,14450,12.50%,87.50%
ABSOLUT CTR FOR NURSING & REHAB GASPORT L L C,Niagara,14067,12.99%,87.01%
SALAMANCA REHABILITATION & NURSING CENTER,Cattaraugus,14779,20.24%,79.76%
"RUTLAND NURSING HOME, INC",Kings,11203,12.95%,87.05%
CONCORD NURSING AND REHABILITATION CENTER,Kings,11216,11.63%,88.37%
OUR LADY OF CONSOLATION NURSING AND REHAB CARE CTR,Suffolk,11795,6.87%,93.13%
THE GRAND REHABILITATION AND NRSG AT GUILDERLAND,Albany,12009,16.95%,83.05%
MASONIC CARE COMMUNITY OF NEW YORK,Oneida,13501,10.38%,89.62%
CAPSTONE CENTER FOR REHABILITATION AND NURSING,Montgomery,12010,23.68%,76.32%
KING DAVID CENTER FOR NURSING AND REHABILITATION,Kings,11214,26.91%,73.09%
PRESBYTERIAN HOME FOR CENTRAL NEW YORK INC,Oneida,13413,8.90%,91.10%
ONONDAGA CENTER FOR REHABILITATION AND NURSING,Onondaga,13116,5.97%,94.03%
WARREN CENTER FOR REHABILITATION AND NURSING,Warren,12804,15.52%,84.48%
"THE BRIGHTONIAN, INC",Monroe,14620,27.08%,72.92%
COLD SPRING HILLS CENTER FOR NURSING AND REHAB,Nassau,11797,16.12%,83.88%
CREEKVIEW NURSING AND REHAB CENTER,Monroe,14624,32.61%,67.39%
REBEKAH REHAB AND EXTENDED CARE CENTER,Bronx,10462,13.93%,86.07%
BENSONHURST CENTER FOR REHAB AND HEALTHCARE,Kings,11214,8.99%,91.01%
SUNHARBOR MANOR,Nassau,11577,8.19%,91.81%
"N Y CONGREGATIONAL NURSING CENTER, INC",Kings,11226,11.70%,88.30%
STATEN ISLAND CARE CENTER,Richmond,10301,43.80%,56.20%
LIVINGSTON COUNTY CENTER FOR NURSING AND REHAB,Livingston,14510,16.53%,83.47%
"ROME MEMORIAL HOSPITAL, INC - R H C F",Oneida,13440,8.70%,91.30%
ONTARIO CENTER FOR REHABILITATION AND HEALTHCARE,Ontario,14424,10.23%,89.77%
THE GRAND REHABILITATION AND NURSING AT BARNWELL,Columbia,12184,29.31%,70.69%
MAPLEWOOD HEALTH CARE AND REHABILITATION CENTER,St. Lawrence,13617,14.77%,85.23%
SUNRISE MANOR CTR FOR NURSING AND REHABILITATION,Suffolk,11706,15.85%,84.15%
ELDERWOOD OF LAKESIDE AT BROCKPORT,Monroe,14420,9.01%,90.99%
AMSTERDAM NURSING HOME CORP (1992),New York,10025,8.36%,91.64%
ROCKAWAY CARE CENTER,Queens,11691,48.56%,51.44%
MAPLEWOOD NURSING HOME INC,Monroe,14580,20.00%,80.00%
LOCKPORT REHAB & HEALTH CARE CENTER,Niagara,14094,7.46%,92.54%
GREENE MEADOWS NURSING AND REHABILITATION CENTER,Greene,12414,15.53%,84.47%
FAIRPORT BAPTIST HOMES,Monroe,14450,3.01%,96.99%
ELDERWOOD AT LANCASTER,Erie,14086,8.33%,91.67%
THE PINES HEALTHCARE & REHAB CTRS MACHIAS CAMPUS,Cattaraugus,14101,18.35%,81.65%
CARTHAGE CENTER FOR REHABILITATION AND NURSING,Jefferson,13619,10.59%,89.41%
BAY PARK CENTER FOR NURSING AND REHAB L L C,Bronx,10475,25.90%,74.10%
BROOKHAVEN REHAB & HEALTH CARE CENTER L L C,Queens,11691,26.21%,73.79%
PROVIDENCE REST INC,Bronx,10465,10.87%,89.13%
WATERVILLE RESIDENTIAL CARE CENTER,Oneida,13480,19.28%,80.72%
ALPINE REHABILITATION AND NURSING CENTER,Herkimer,13365,12.16%,87.84%
"SUNSET NURSING AND REHABILITATION CENTER, INC",Oneida,13309,16.82%,83.18%
THE GRAND REHABILITATION AND NRSG AT CHITTENANGO,Madison,13037,11.27%,88.73%
THE GRAND REHABILITATION AND NURSING AT ROME,Oneida,13440,31.76%,68.24%
PONTIAC NURSING HOME,Oswego,13126,20.00%,80.00%
ST REGIS NURSING HOME  INC,St. Lawrence,13662,20.90%,79.10%
EMERALD SOUTH NURSING AND REHABILITATION CENTER,Erie,14209,28.17%,71.83%
SUFFOLK CENTER FOR REHABILITATION AND NURSING,Suffolk,11772,31.90%,68.10%
CLINTON COUNTY NURSING HOME,Clinton,12901,17.95%,82.05%
HERITAGE HEALTH CARE CENTER,Oneida,13502,27.64%,72.36%
THE CENTER FOR NURSING AND REHAB AT HOOSICK FALLS,Rensselaer,12090,8.47%,91.53%
SCHOFIELD RESIDENCE,Erie,14217,9.17%,90.83%
BROOKLYN UNITED METHODIST CHURCH HOME,Kings,11208,46.49%,53.51%
QUEEN OF PEACE RESIDENCE,Queens,11429,0.00%,100.00%
EDEN REHABILITATION NURSING CENTER,Erie,14057,8.82%,91.18%
CROWN HEIGHTS CENTER FOR NURSING AND REHAB,Kings,11213,14.63%,85.37%
ABSOLUT CTR FOR NURSING & REHAB ALLEGANY L L C,Cattaraugus,14706,8.33%,91.67%
GLEN ISLAND CENTER FOR NURSING AND REHABILITATION,Westchester,10805,39.05%,60.95%
BAPTIST HEALTH NURSING AND REHABILITATION CENTER,Schenectady,12302,17.16%,82.84%
THE BAPTIST HOME AT BROOKMEADE,Dutchess,12572,6.14%,93.86%
BAYBERRY NURSING HOME,Westchester,10805,19.64%,80.36%
HAMILTON MANOR NURSING HOME,Monroe,14626,25.71%,74.29%
LATTA ROAD NURSING HOME WEST,Monroe,14612,13.16%,86.84%
LATTA ROAD NURSING HOME EAST,Monroe,14612,13.51%,86.49%
HIGHLAND NURSING HOME INC,St. Lawrence,13662,28.99%,71.01%
UNITY LIVING CENTER,Monroe,14611,22.64%,77.36%
UNITED HEBREW GERIATRIC CENTER,Westchester,10805,16.17%,83.83%
DOWNTOWN BROOKLYN NURSING & REHABILITATION CENTER,Kings,11238,7.77%,92.23%
BEDFORD CENTER FOR NURSING AND REHABILITATION,Kings,11249,20.63%,79.37%
TERESIAN HOUSE NURSING HOME CO INC,Albany,12203,11.07%,88.93%
SULLIVAN COUNTY ADULT CARE CENTER,Sullivan,12754,16.53%,83.47%
CHAPIN HOME FOR THE AGING,Queens,11432,16.49%,83.51%
PINE HAVEN HOME,Columbia,12565,18.18%,81.82%
GARDEN GATE HEALTH CARE FACILITY,Erie,14227,16.28%,83.72%
"LEROY VILLAGE GREEN RESIDENTIAL HEALTH C F, INC",Genesee,14482,13.43%,86.57%
GOOD SAMARITAN NURSING HOME,Suffolk,11782,6.38%,93.62%
BROOKLYN QUEENS NURSING HOME,Kings,11208,43.55%,56.45%
BUFFALO CENTER FOR REHABILITATION AND NURSING,Erie,14209,22.83%,77.17%
CATSKILL REGIONAL MEDICAL CENTER,Sullivan,12742,6.00%,94.00%
EMERALD NORTH NURSING AND REHABILITATION CENTER,Erie,14209,17.91%,82.09%
HOUGHTON REHABILITATION & NURSING CENTER,Allegany,14744,24.10%,75.90%
GOWANDA REHABILITATION AND NURSING CENTER,Cattaraugus,14070,19.58%,80.42%
KINGS HARBOR MULTICARE CENTER,Bronx,10469,15.22%,84.78%
BETHANY NURSING HOME & HEALTH RELATED FACILITY INC,Chemung,14845,3.74%,96.26%
"WILLIAMSVILLE SUBURBAN, L L C",Erie,14221,12.27%,87.73%
DITMAS PARK CARE CENTER,Kings,11226,12.22%,87.78%
NORTH GATE HEALTH CARE FACILITY,Niagara,14120,15.47%,84.53%
TERRACE VIEW LONG TERM CARE FACILITY,Erie,14215,24.07%,75.93%
ABSOLUT CTR FOR NURSING & REHAB THREE RIVERS L L C,Steuben,14870,15.57%,84.43%
MENORAH HOME & HOSPITAL FOR AGED & INFIRM,Kings,11235,11.93%,88.07%
MIDDLETOWN PARK REHAB & HEALTH CARE CENTER,Orange,10940,6.77%,93.23%
HAYM SALOMON HOME FOR THE AGED,Kings,11214,6.34%,93.66%
CAMPBELL HALL REHABILITATION CENTER INC,Orange,10916,23.08%,76.92%
GROTON COMMUNITY HEALTH CARE CTR RES CARE FAC,Tompkins,13073,7.58%,92.42%
FORDHAM NURSING AND REHABILITATION CENTER,Bronx,10463,29.57%,70.43%
WELLSVILLE MANOR CARE CENTER,Allegany,14895,23.58%,76.42%
AUTUMN VIEW HEALTH CARE FACILITY L L C,Erie,14075,10.63%,89.37%
"SAFIRE REHABILITATION OF SOUTHTOWN, L L C",Erie,14220,10.53%,89.47%
TERENCE CARDINAL COOKE HEALTH CARE CENTER,New York,10029,23.47%,76.53%
BEZALEL REHABILITATION AND NURSING CENTER,Queens,11691,39.82%,60.18%
SUNSHINE CHILDREN'S HOME AND REHAB CENTER,Westchester,10562,1.85%,98.15%
KIRKHAVEN,Monroe,14607,23.24%,76.76%
DEGRAFF MEMORIAL HOSPITAL-SKILLED NURSING FACILITY,Niagara,14120,4.11%,95.89%
VALLEY HEALTH SERVICES INC,Herkimer,13350,14.38%,85.62%
FOUR SEASONS NURSING AND REHABILITATION CENTER,Kings,11236,12.50%,87.50%
NESCONSET CENTER FOR NURSING AND REHABILITATION,Suffolk,11767,20.93%,79.07%
JAMES G JOHNSTON MEMORIAL NURSING HOME,Broome,13790,13.39%,86.61%
"HAVEN MANOR HEALTH CARE CENTER, L L C",Queens,11691,68.44%,31.56%
SHEEPSHEAD NURSING & REHABILITATION CENTER,Kings,11235,10.00%,90.00%
ELDERWOOD AT LIVERPOOL,Onondaga,13088,15.22%,84.78%
ELDERWOOD AT HAMBURG,Erie,14075,13.99%,86.01%
EDDY MEMORIAL GERIATRIC CENTER,Rensselaer,12180,10.26%,89.74%
EAST NECK NURSING & REHABILITATION CENTER,Suffolk,11704,9.40%,90.60%
BEACH GARDENS REHAB AND NURSING CENTER,Queens,11691,26.35%,73.65%
ABSOLUT CTR FOR NURSING & REHAB WESTFIELD L L C,Chautauqua,14787,19.35%,80.65%
SAPPHIRE NURSING AND REHAB AT GOSHEN,Orange,10924,16.67%,83.33%
PALATINE NURSING HOME,Montgomery,13428,15.94%,84.06%
SALEM HILLS REHABILITATION AND NURSING CENTER,Westchester,10578,11.48%,88.52%
PECONIC BAY SKILLED NURSING FACILITY,Suffolk,11901,10.00%,90.00%
WHITE OAKS REHABILITATION AND NURSING CENTER,Nassau,11797,22.35%,77.65%
ELDERWOOD AT HORNELL,Steuben,14843,6.80%,93.20%
ST JOSEPHS PLACE,Orange,12771,17.07%,82.93%
ROSEWOOD REHABILITATION AND NURSING CENTER,Rensselaer,12144,8.57%,91.43%
BROOKHAVEN HEALTH CARE FACILITY L L C,Suffolk,11772,12.50%,87.50%
MANHATTANVILLE HEALTH CARE CENTER,Bronx,10463,14.06%,85.94%
GURWIN JEWISH NURSING AND REHABILITATION CENTER,Suffolk,11725,8.70%,91.30%
EDDY VILLAGE GREEN,Albany,12047,10.93%,89.07%
NORTH SHORE - L I J ORZAC CTR FOR REHABILITATION,Nassau,11580,2.41%,97.59%
PATHWAYS NURSING AND REHABILITATION CENTER,Schenectady,12309,11.54%,88.46%
NORTHWELL HEALTH STERN FAMILY CENTER FOR REHAB,Nassau,11030,9.31%,90.69%
BUSHWICK CENTER FOR REHABILITATION AND HEALTH CARE,Kings,11207,18.92%,81.08%
ST JOHNSVILLE REHABILITATION AND NURSING CENTER,Montgomery,13452,19.13%,80.87%
ELLIS RESIDENTIAL & REHABILITATION CENTER,Schenectady,12304,9.46%,90.54%
IRA DAVENPORT MEMORIAL HOSPITAL S N F/ H R F,Steuben,14810,20.75%,79.25%
HAMILTON PARK NURSING AND REHABILITATION CENTER,Kings,11228,8.85%,91.15%
SLATE VALLEY CENTER FOR REHABILITATION AND NURSING,Washington,12832,19.74%,80.26%
SYRACUSE HOME ASSOCIATION,Onondaga,13027,4.90%,95.10%
VICTORIA HOME,Westchester,10562,19.57%,80.43%
GLEN COVE CENTER FOR NURSING AND REHABILITATION,Nassau,11542,14.60%,85.40%
THE FIVE TOWNS PREMIER REHAB & NURSING CENTER,Nassau,11598,10.13%,89.87%
QUANTUM REHABILITATION AND NURSING L L C,Suffolk,11953,30.00%,70.00%
ATRIUM CENTER FOR REHABILITATION AND NURSING,Kings,11236,10.53%,89.47%
HERITAGE GREEN REHAB & SKILLED NURSING,Chautauqua,14742,19.69%,80.31%
EAST HAVEN NURSING & REHABILITATION CENTER,Bronx,10469,18.38%,81.62%
SILVERCREST,Queens,11435,11.15%,88.85%
HOPE CENTER FOR H I V AND NURSING CARE,Bronx,10452,31.58%,68.42%
BEACON REHABILITATION AND NURSING CENTER,Queens,11694,30.36%,69.64%
"BETSY ROSS REHABILITATION CENTER, INC",Oneida,13440,26.73%,73.27%
ST ANNS COMMUNITY,Monroe,14580,11.27%,88.73%
BETHANY GARDENS SKILLED LIVING CENTER,Oneida,13440,7.53%,92.47%
"FRIEDWALD CENTER FOR REHAB AND NURSING, L L C",Rockland,10956,13.33%,86.67%
BETHLEHEM COMMONS CARE CENTER,Albany,12054,19.00%,81.00%
"WEST LAWRENCE CARE CENTER, L L C",Queens,11691,47.94%,52.06%
HORIZON CARE CENTER,Queens,11692,61.18%,38.82%
MILLS POND NURSING AND REHABILITATION CENTER,Suffolk,11780,27.71%,72.29%
NIAGARA REHABILITATION AND NURSING CENTER,Niagara,14301,44.54%,55.46%
GRAND MANOR NURSING & REHABILITATION CENTER,Bronx,10473,38.73%,61.27%
ST LUKE RESIDENTIAL HEALTH CARE FACILITY INC,Oswego,13126,15.17%,84.83%
"ROCKVILLE SKILLED NURSING & REHAB CENTER, L L C",Nassau,11570,14.81%,85.19%
SAINTS JOACHIM & ANNE NURSING AND REHAB CENTER,Kings,11224,13.04%,86.96%
FISHKILL CENTER FOR REHABILITATION AND NURSING,Dutchess,12508,29.25%,70.75%
HIGHBRIDGE WOODYCREST CENTER,Bronx,10452,31.33%,68.67%
ELDERWOOD AT CHEEKTOWAGA,Erie,14227,11.28%,88.72%
BRONXCARE SPECIAL CARE CENTER,Bronx,10456,30.80%,69.20%
BELLHAVEN CENTER FOR REHAB AND NURSING CARE,Suffolk,11719,17.81%,82.19%
SMITHTOWN CENTER FOR REHABILITATION & NURSING CARE,Suffolk,11787,1.99%,98.01%
"HARRIS HILL NURSING FACILITY, L L C",Erie,14221,9.47%,90.53%
LONG ISLAND STATE VETERANS HOME,Suffolk,11790,17.30%,82.70%
NORWICH REHABILITATION & NURSING CENTER,Chenango,13815,9.33%,90.67%
EDDY HERITAGE HOUSE NURSING AND REHABILITATION CTR,Rensselaer,12180,4.35%,95.65%
SAYVILLE NURSING AND REHABILITATION CENTER,Suffolk,11782,21.77%,78.23%
ST MARYS CENTER INC,New York,10027,41.67%,58.33%
ST VINCENT DE PAUL RESIDENCE,Bronx,10459,13.39%,86.61%
IROQUOIS NURSING HOME INC,Onondaga,13078,2.00%,98.00%
TEN BROECK COMMONS,Ulster,12449,14.63%,85.37%
WHITTIER REHAB & SKILLED NURSING CENTER,Columbia,12075,15.93%,84.07%
OUR LADY OF MERCY LIFE CENTER,Albany,12084,14.69%,85.31%
CORTLAND REGIONAL NURSING AND REHABILITATION CTR,Cortland,13045,14.29%,85.71%
EDNA TINA WILSON LIVING CENTER,Monroe,14612,15.60%,84.40%
N Y S VETERANS HOME IN N Y C,Queens,11434,16.16%,83.84%
THROGS NECK REHABILITATION & NURSING CENTER,Bronx,10465,10.47%,89.53%
RICHMOND CTR FOR REHAB AND SPECIALTY HEALTHCARE,Richmond,10304,49.35%,50.65%
SETON HEALTH AT SCHUYLER RIDGE RESIDENTIAL H C,Saratoga,12065,8.85%,91.15%
BRONX GARDENS REHABILITATION AND NURSING CENTER,Bronx,10457,5.67%,94.33%
FATHER BAKER MANOR,Erie,14127,12.68%,87.32%
THE HIGHLANDS AT BRIGHTON,Monroe,14618,39.23%,60.77%
CASA PROMESA,Bronx,10457,39.80%,60.20%
WESTHAMPTON CARE CENTER,Suffolk,11977,3.85%,96.15%
SCHERVIER PAVILION,Orange,10990,16.38%,83.62%
FINGER LAKES CENTER FOR LIVING,Cayuga,13021,5.88%,94.12%
HIGHLANDS LIVING CENTER,Monroe,14534,19.13%,80.87%
NASSAU REHABILITATION & NURSING CENTER,Nassau,11550,14.02%,85.98%
WESTERN NEW YORK STATE VETERANS HOME,Genesee,14020,9.91%,90.09%
WINGATE OF DUTCHESS,Dutchess,12524,14.39%,85.61%
ELDERWOOD AT WHEATFIELD,Niagara,14304,10.53%,89.47%
QUEENS BOULEVARD EXTENDED CARE FACILITY,Queens,11377,7.05%,92.95%
NORTHERN MANHATTAN REHABILITATION AND NURSING CTR,New York,10035,9.15%,90.85%
KENDAL AT ITHACA,Tompkins,14850,4.35%,95.65%
ONEIDA CENTER FOR REHABILITATION AND NURSING,Oneida,13501,44.34%,55.66%
ANDRUS ON HUDSON,Westchester,10706,10.81%,89.19%
MEADOWBROOK CARE CENTER,Nassau,11520,20.94%,79.06%
THE OSBORN,Westchester,10580,5.26%,94.74%
TOWNHOUSE CENTER FOR REHABILITATION & NURSING,Nassau,11553,12.70%,87.30%
UNION PLAZA CARE CENTER,Queens,11354,3.12%,96.88%
NOTTINGHAM R H C F,Onondaga,13078,12.82%,87.18%
MVHS REHABILITATION AND NURSING CENTER,Oneida,13504,14.74%,85.26%
GLEN ARDEN INC,Orange,10924,6.45%,93.55%
WINGATE OF ULSTER,Ulster,12528,17.82%,82.18%
THE PAVILION AT QUEENS FOR REHABILITATION & NRSING,Queens,11354,6.07%,93.93%
DR SUSAN SMITH MCKINNEY NURSING AND REHAB CENTER,Kings,11203,6.36%,93.64%
BETHEL NURSING & REHABILITATION CENTER,Westchester,10520,19.39%,80.61%
HEMPSTEAD PARK NURSING HOME,Nassau,11550,33.76%,66.24%
THE GROVE AT VALHALLA REHAB AND NURSING CENTER,Westchester,10595,7.33%,92.67%
LUTHERAN CENTER AT POUGHKEEPSIE INC,Dutchess,12603,13.07%,86.93%
LINDEN CENTER FOR NURSING AND REHABILITATION,Kings,11207,16.22%,83.78%
HUDSON PARK REHABILITATION AND NURSING CENTER,Albany,12204,29.38%,70.62%
ELMHURST CARE CENTER INC,Queens,11369,26.07%,73.93%
SENECA HILL MANOR INC,Oswego,13126,6.31%,93.69%
CANTERBURY WOODS,Erie,14221,18.60%,81.40%
GARDEN CARE CENTER,Nassau,11010,9.22%,90.78%
HUNTINGTON HILLS CTR FOR HEALTH AND REHABILITATION,Suffolk,11747,7.48%,92.52%
PARK AVENUE EXTENDED CARE FACILITY,Nassau,11561,7.43%,92.57%
REGAL HEIGHTS REHABILITATION AND HEALTH CARE CTR,Queens,11372,11.43%,88.57%
ST CATHERINE OF SIENA NRSG AND REHAB CARE CENTER,Suffolk,11787,2.02%,97.98%
PUTNAM RIDGE,Putnam,10509,22.14%,77.86%
BUENA VIDA CONTINUING CARE & REHAB CENTER,Kings,11221,22.07%,77.93%
THE GRAND REHABILITATION AND NRSG AT RIVER VALLEY,Dutchess,12601,33.09%,66.91%
WINGATE AT BEACON,Dutchess,12508,10.20%,89.80%
ADIRA AT RIVERSIDE REHABILITATION AND NURSING,Westchester,10701,12.04%,87.96%
ST MARGARETS CENTER,Albany,12208,2.30%,97.70%
FULTON COMMONS CARE CENTER INC,Nassau,11554,13.60%,86.40%
NEW YORK STATE VETERANS HOME AT MONTROSE,Westchester,10548,14.72%,85.28%
JEFFERSON'S FERRY,Suffolk,11720,7.14%,92.86%
HIGHPOINTE ON MICHIGAN HEALTH CARE FACILITY,Erie,14203,10.33%,89.67%
ISLAND NURSING AND REHAB CENTER,Suffolk,11742,9.35%,90.65%
MARIA REGINA RESIDENCE INC,Suffolk,11717,9.24%,90.76%
NEW YORK CENTER FOR REHABILITATION & NURSING,Queens,11102,14.57%,85.43%
AFFINITY SKILLED LIVING AND REHABILITATION CENTER,Suffolk,11769,11.76%,88.24%
MEDFORD MULTICARE CENTER FOR LIVING,Suffolk,11763,19.42%,80.58%
PECONIC LANDING AT SOUTHOLD,Suffolk,11944,6.00%,94.00%
OUR LADY OF PEACE NURSING CARE RESIDENCE,Niagara,14092,16.88%,83.12%
NORTHEAST CTR FOR REHABILITATION AND BRAIN INJURY,Ulster,12449,38.78%,61.22%
HOPKINS CENTER FOR REHABILITATION AND HEALTHCARE,Kings,11217,12.18%,87.82%
THE HAMPTONS CENTER FOR REHABILITATION AND NURSING,Suffolk,11968,21.22%,78.78%
FOX RUN AT ORCHARD PARK,Erie,14127,6.67%,93.33%
WILKINSON RESIDENTIAL HEALTH CARE FACILITY,Montgomery,12010,19.42%,80.58%
WOODLAND POND AT NEW PALTZ,Ulster,12561,2.78%,97.22%
GOOD SHEPHERD VILLAGE AT ENDWELL,Broome,13760,10.00%,90.00%
THE AMSTERDAM AT HARBORSIDE,Nassau,11050,19.61%,80.39%
"SAMARITAN SENIOR VILLAGE, INC",Jefferson,13601,14.20%,85.80%
ST MARYS HOSPITAL FOR CHILDREN INC,Queens,11360,5.32%,94.68%
ELIZABETH SETON PEDIATRIC CENTER,Westchester,10701,0.00%,100.00%
